{
    "best_model": "Decision Tree",
    "results": {
        "Decision Tree": {
            "accuracy": 0.8206168831168831,
            "balanced_accuracy": 0.3578640767110916,
            "precision": 0.7652868709281048,
            "recall": 0.8206168831168831,
            "f1": 0.7821501428885341
        },
        "Random Forest": {
            "accuracy": 0.846185064935065,
            "balanced_accuracy": 0.3350836041922172,
            "precision": 0.8102972386546137,
            "recall": 0.846185064935065,
            "f1": 0.7768606375653799
        },
        "Gradient Boosting": {
            "accuracy": 0.8465909090909091,
            "balanced_accuracy": 0.3400145191361114,
            "precision": 0.7982957858468062,
            "recall": 0.8465909090909091,
            "f1": 0.7815095970219609
        }
    }
}